ID,Value
1,14.503386425003825
2,11.779631630155087
