ID,Value,Delta,Gamma,Vega,Rho,Theta
1,3.2593473629162446,0.5478487068460673,0.05532633064340015,14.651751269603196,-0.4464859371991539,13.01442690694716
2,2.692774912299483,-0.4706758102377653,0.05721003186599402,14.611960888056414,-0.25373050580389817,8.939709684724102
3,22.050265969030416,0.6763702006782233,0.010698151656517515,35.90475601672572,-22.89861021261392,7.280144138661618
4,21.01923278329123,-0.48995195014072673,0.0026538705322265185,40.759573348396245,-14.102684316977951,5.956510982965839
