ID,Value,Delta,Gamma,Vega,Rho,Theta
1,3.2608237360794305,0.5478724542182203,0.05350563937683044,14.659079281323406,7.05841392955378,-13.019816851224503
2,2.6462814630878952,-0.4521275457817797,0.05350563937683044,14.659079281323406,-6.5560323344199825,-8.547471253509123
3,22.04332879906938,0.6855080630491284,0.008114734350893889,35.57143825049375,50.967098636540776,-7.21360784237981
4,20.44908266360037,-0.4707510551823041,0.009310312553209982,40.812329000372515,-73.99911033625291,-5.351163684750209
